[
    {
        "date": "2025-06-03",
        "urges": 4,
        "resistance": 6,
        "exercise": 30,
        "coding": 40
    },
    {
        "date": "2025-06-04",
        "urges": 3,
        "resistance": 8,
        "exercise": 25,
        "coding": 50
    },
    {
        "date": "2025-06-05",
        "urges": 5,
        "resistance": 6,
        "exercise": 35,
        "coding": 60
    },
    {
        "date": "2025-06-06",
        "urges": 2,
        "resistance": 9,
        "exercise": 20,
        "coding": 70
    },
    {
        "date": "2025-06-07",
        "urges": 3,
        "resistance": 7,
        "exercise": 45,
        "coding": 80
    }
]